[{"model": "auth.user", "fields": {"password": "pbkdf2_sha256$600000$gzs771VUrtv8bmDh6wFTbu$Ehcyq17605uJT8/5fInIxu2sqNCLczMrkhG5XsU/bRk=", "last_login": "2025-09-29T09:29:53.910Z", "is_superuser": true, "username": "soul-", "first_name": "", "last_name": "", "email": "badleon2744@gmail.com", "is_staff": true, "is_active": true, "date_joined": "2025-09-21T22:19:01.494Z", "groups": [], "user_permissions": []}}, {"model": "auth.user", "fields": {"password": "pbkdf2_sha256$600000$lopoWLm6DhAb6N6u1hH01V$G+ueMtTWBJJ0CDAyC/lsOlgndvA9m4cT7Fpc06s5eY8=", "last_login": "2025-09-27T03:13:22.634Z", "is_superuser": false, "username": "Litdemonick", "first_name": "", "last_name": "", "email": "badleon2744@gmail.com", "is_staff": false, "is_active": true, "date_joined": "2025-09-21T22:23:03.201Z", "groups": [], "user_permissions": []}}, {"model": "auth.user", "fields": {"password": "pbkdf2_sha256$1000000$idN1LhkO1lTWS3xjOEmgUB$ZiO8jQ7vx4xyFC+3ysDw3PoRUu39FlJcf9yW4lmEKec=", "last_login": "2025-09-28T20:10:48.788Z", "is_superuser": false, "username": "Brashan09", "first_name": "", "last_name": "", "email": "quinbrayan9@gmail.com", "is_staff": false, "is_active": true, "date_joined": "2025-09-22T00:14:57.399Z", "groups": [], "user_permissions": []}}, {"model": "auth.user", "fields": {"password": "pbkdf2_sha256$600000$xNqUrvWOASNeA7fomxHz0r$W1RXo92PmjhmxvghJOOkDmOG+eX/iGJuDa5E0Mw/rDw=", "last_login": "2025-09-27T02:50:49.622Z", "is_superuser": false, "username": "carlosm5", "first_name": "", "last_name": "", "email": "Jk3002213@gmail.com", "is_staff": false, "is_active": true, "date_joined": "2025-09-22T01:40:07.125Z", "groups": [], "user_permissions": []}}, {"model": "auth.user", "fields": {"password": "pbkdf2_sha256$1000000$r77l34sutKFUcHqykThSvb$ys7O+NLunp2//cS3Sw+DXXtB8rjvLrS0h1lp3eGo5Nc=", "last_login": "2025-09-27T20:14:44.546Z", "is_superuser": false, "username": "KingOfing", "first_name": "", "last_name": "", "email": "s0ulpieroxian@gmail.com", "is_staff": false, "is_active": true, "date_joined": "2025-09-22T02:34:53.218Z", "groups": [], "user_permissions": []}}, {"model": "auth.user", "fields": {"password": "pbkdf2_sha256$600000$frXvXNCNREyIskLI8UG06R$0eN9guPoiMVAaJXyvFBfNpUUmScXA2QlR9E+/+p4H+s=", "last_login": "2025-09-29T09:37:34.319Z", "is_superuser": false, "username": "Jorge", "first_name": "", "last_name": "", "email": "jorge123@gmail.com", "is_staff": false, "is_active": true, "date_joined": "2025-09-22T06:55:45.644Z", "groups": [], "user_permissions": []}}, {"model": "auth.user", "fields": {"password": "pbkdf2_sha256$1000000$hklwcJe9ImAUh7rSWF35wT$Fiwyb5pxR5ygEC2/GxiAXsJ2ZDD+9NLw1VUXl36YMV4=", "last_login": "2025-09-22T06:59:56.126Z", "is_superuser": false, "username": "James", "first_name": "", "last_name": "", "email": "james09@gmail.com", "is_staff": false, "is_active": true, "date_joined": "2025-09-22T06:59:55.488Z", "groups": [], "user_permissions": []}}, {"model": "auth.user", "fields": {"password": "pbkdf2_sha256$1000000$The2S7XBYmRl3pyvwbiBie$3e6w6lx2iim0lfdV4zI2jcP/9abBVQ8W4j2HjHqN5lM=", "last_login": "2025-09-22T07:04:26.321Z", "is_superuser": false, "username": "Gustavo", "first_name": "", "last_name": "", "email": "gustavo123@gmail.com", "is_staff": false, "is_active": true, "date_joined": "2025-09-22T07:02:16.708Z", "groups": [], "user_permissions": []}}, {"model": "auth.user", "fields": {"password": "pbkdf2_sha256$1000000$JPdP1iiSuWgQpTdsSsmKh3$vcMMOTe7tVK3gvUhbR7IK7wPsNuPXSI4MA263oxt6oA=", "last_login": "2025-09-27T07:31:46.446Z", "is_superuser": false, "username": "Eliecias", "first_name": "", "last_name": "", "email": "Eliecubi@gmail.com", "is_staff": false, "is_active": true, "date_joined": "2025-09-27T07:31:45.472Z", "groups": [], "user_permissions": []}}, {"model": "auth.user", "fields": {"password": "pbkdf2_sha256$1000000$PSfRCDRSJ9vHf5Z90u1Pl5$kgluWk3eKcFCKyTvWQa9DN0K2ulSQQiYbePd+MnmCdM=", "last_login": "2025-09-27T20:28:44.500Z", "is_superuser": false, "username": "UltraFotling", "first_name": "", "last_name": "", "email": "s0ulpieroxian@gmail.com", "is_staff": false, "is_active": true, "date_joined": "2025-09-27T20:28:43.981Z", "groups": [], "user_permissions": []}}, {"model": "auth.user", "fields": {"password": "pbkdf2_sha256$600000$m4UAWQ927ek7pRQtAa4ZGd$KxJjBIoJmZAFwCFUxkBWET7jtXY7ylfvZAiEO9urjEo=", "last_login": "2025-09-29T04:08:59.646Z", "is_superuser": false, "username": "Harold", "first_name": "", "last_name": "", "email": "hm707947@gmail.com", "is_staff": false, "is_active": true, "date_joined": "2025-09-29T04:08:59.177Z", "groups": [], "user_permissions": []}}, {"model": "sessions.session", "pk": "7pdu9vvvxwii3mqbqogvbevuso2pad2o", "fields": {"session_data": ".eJxVjEEOgjAQRe_StWnaQjuMS_ecoZm2M4IaSCisjHcXEha6_e-9_1aRtnWIW-UljkVdlVeX3y1RfvJ0gPKg6T7rPE_rMiZ9KPqkVfdz4dftdP8OBqrDXjsBwWwIfPYsXQMtWmODODYovgELgRmDa5iSILWwWzaU0iFCaxKqzxfdIDei:1v0d2W:_1ecs0gLXailskzEuV6M6Bb3lx5w4M2NpxJ2swgEr3M", "expire_date": "2025-10-06T09:40:56.756Z"}}, {"model": "sessions.session", "pk": "9uermttk1qp0xig5vu9j00nuzw2i815v", "fields": {"session_data": ".eJxVjEEOwiAQRe_C2hBwhBGX7nsGAjODVA1NSrsy3l2bdKHb_977LxXTutS4dpnjyOqirFWH3zEnekjbCN9Tu02aprbMY9abonfa9TCxPK-7-3dQU6_f2kGyFlm8Qy9UAI0vDAAOKKAzZKlgKCUTMwYEFItBzsYzOY94PKn3BwB0N8g:1v35C7:Zds3y-53-LcUL-ovwG6EbgY5vgIZtLoYXekneBgobUk", "expire_date": "2025-10-13T04:08:59.665Z"}}, {"model": "sessions.session", "pk": "k9ca0irizbhjwa7gxti3l6v5zmuolz5d", "fields": {"session_data": ".eJxVjEEOwiAQRe_C2hACTAdcuvcMZBhGqRqalHZlvLtt0oVu33v_v1Widalp7TKnsaizcur0yzLxU9ouyoPafdI8tWUes94Tfdiur1OR1-Vo_w4q9bqt0XOILkR2UAwSgPV-2JCJEsBEf7PA6IUtDoGZMxcDiIA5khgCVJ8vusc3OA:1v0UCn:UcIErUdYSgKhOY9ZhxRPgOPJZ9RCdL34Flm98KwMdG8", "expire_date": "2025-10-06T00:14:57.830Z"}}, {"model": "sessions.session", "pk": "kt3iv0zknumvhc8ndhp29hm15m7l3x1a", "fields": {"session_data": ".eJxVjEEOgjAQRe_StWnaQjuMS_ecoZm2M4IaSCisjHcXEha6_e-9_1aRtnWIW-UljkVdlVeX3y1RfvJ0gPKg6T7rPE_rMiZ9KPqkVfdz4dftdP8OBqrDXjsBwWwIfPYsXQMtWmODODYovgELgRmDa5iSILWwWzaU0iFCaxKqzxfdIDei:1v0XY2:4GA9R5u420MgwAZm35bmt_k_ompmKO0_EQ560ICTejo", "expire_date": "2025-10-06T03:49:06.121Z"}}, {"model": "sessions.session", "pk": "m723k0qfyb2fz8hrdc55yl8ngnwvlmfn", "fields": {"session_data": ".eJxVjEEOgjAQRe_StWnaQjuMS_ecoZm2M4IaSCisjHcXEha6_e-9_1aRtnWIW-UljkVdlVeX3y1RfvJ0gPKg6T7rPE_rMiZ9KPqkVfdz4dftdP8OBqrDXjsBwWwIfPYsXQMtWmODODYovgELgRmDa5iSILWwWzaU0iFCaxKqzxfdIDei:1v0lUH:qTHkmZOsXt9IrlawG5lXknrN9vcUCPhoDqY_zLZjACY", "expire_date": "2025-10-06T18:42:09.438Z"}}, {"model": "sessions.session", "pk": "mon00aarull3uuorgwn4p85aawb0uceg", "fields": {"session_data": ".eJxVjEsOwjAMBe-SNYoc4zQpS_Y9Q-U4Li2gROpnhbg7VOoCtm9m3sv0vK1jvy0691M2F4Pm9LslloeWHeQ7l1u1Uss6T8nuij3oYrua9Xk93L-DkZfxWxOSa9gLOMoSogYknwhaF8FBi6IK2JCcmTgEDr4dMOkQFTwkidmb9we2dDc0:1v0auT:5w1U-npoEkEL8GYlh1pVsxP9jIa56cG59kAoLM71f7M", "expire_date": "2025-10-06T07:24:29.918Z"}}, {"model": "sessions.session", "pk": "pvxbx0ffo8gjlgzce2gxc98yvw080is0", "fields": {"session_data": ".eJxVjEEOwiAQRe_C2pAC48i4dO8ZyACDVA1NSrsy3l2bdKHb_977LxV4XWpYu8xhzOqsQB1-t8jpIW0D-c7tNuk0tWUeo94UvdOur1OW52V3_w4q9_qt8WiAbLJZ2EiOEQsV9ORhiA5OlooTj8wCRAnQOynJoxMyzrFwGdT7A-isOCM:1v2KP7:QhULtF6fVE-JPpUg_qcCzRpzi819mBPW80QDmbYZnIE", "expire_date": "2025-10-11T02:11:17.334Z"}}, {"model": "sessions.session", "pk": "qdyxjwebgu5hv0n2vd1zez2pqimvagav", "fields": {"session_data": ".eJxVjEEOwiAQRe_C2hACTAdcuvcMZBhGqRqalHZlvLtt0oVu33v_v1Widalp7TKnsaizcur0yzLxU9ouyoPafdI8tWUes94Tfdiur1OR1-Vo_w4q9bqt0XOILkR2UAwSgPV-2JCJEsBEf7PA6IUtDoGZMxcDiIA5khgCVJ8vusc3OA:1v2xjM:pu7XG3keGnXyxSjs_MYnnHbdA3CurqSIS4iNOBhwC-0", "expire_date": "2025-10-12T20:10:48.797Z"}}, {"model": "sessions.session", "pk": "rplsk869zm3a14x9t1u7v4obrmbiimna", "fields": {"session_data": ".eJxVjMEOwiAQBf-FsyGAUMCj934DWXZBqgaS0p6M_64kPeh1Zt57sQD7VsLe0xoWYhc2sdMvi4CPVIegO9Rb49jqti6Rj4QftvO5UXpej_bvoEAvY50lKHlOKVqphbOCsrdO5yg0ZIUqKwNkvEHl4-Q0ebJo7ZejFsLIzN4f7604CQ:1v0aeZ:XNoLThLSmSSIANnMgF7QqPPofriQH5i9fsaM_Q7bUyI", "expire_date": "2025-10-06T07:08:03.511Z"}}, {"model": "sessions.session", "pk": "ugfhf9fa4tnleo9fiazb6voh4ihgfmd7", "fields": {"session_data": ".eJxVjEEOwiAQRe_C2hAsCNSle89AZoYZqRpISrsy3l2bdKHb_977L5VgXUpaO89pyuqsvDr8bgj04LqBfId6a5paXeYJ9abonXZ9bZmfl939OyjQy7e2ObpsT2xNFAwYHAVG8jaMaNxIEaPI0QyOIZgIZHjwwmKdWPQiSOr9AfMLONE:1v3AK6:zKgBOaLvSIbt1pYFSq18WW3emnjhvtMI-sXuCI34b7U", "expire_date": "2025-10-13T09:37:34.340Z"}}, {"model": "sessions.session", "pk": "ukwntnpxxhsgjs925ec8bczkrgxf1rer", "fields": {"session_data": ".eJxVjDsOwyAQBe9CHSEwn2VTpvcZrLVhg5MIJGNXUe4eIblI2jcz7y0mOvY8HS1t0xrFVaC4_G4zLc9UOogPKvcql1r2bZ1lV-RJmxxrTK_b6f4dZGq510qTdZqZh6AtOwPASATRBw-ASWn0bJRxwUbigcnH5ANBINaIPonPF91nN9E:1v2PPG:4zYl29LpzUJ79lHny9uacQN-pdDpTv8UrkkzaYLt7JI", "expire_date": "2025-10-11T07:31:46.458Z"}}, {"model": "sessions.session", "pk": "xo3fsgvnwy20mkkl5lcijyvq7x8qq6tn", "fields": {"session_data": ".eJxVjEsOwjAMBe-SNYoc4zQpS_Y9Q-U4Li2gROpnhbg7VOoCtm9m3sv0vK1jvy0691M2F4Pm9LslloeWHeQ7l1u1Uss6T8nuij3oYrua9Xk93L-DkZfxWxOSa9gLOMoSogYknwhaF8FBi6IK2JCcmTgEDr4dMOkQFTwkidmb9we2dDc0:1v2LNC:ElLT9Abruu_ooh8V5wesiH1boV1_6Dmmm3ah2KPcmaM", "expire_date": "2025-10-11T03:13:22.650Z"}}, {"model": "sessions.session", "pk": "xwe5kqa9l6n5ov56es2ms27kvmah4mcu", "fields": {"session_data": ".eJxVjEsOwjAMBe-SNYoc4zQpS_Y9Q-U4Li2gROpnhbg7VOoCtm9m3sv0vK1jvy0691M2F4Pm9LslloeWHeQ7l1u1Uss6T8nuij3oYrua9Xk93L-DkZfxWxOSa9gLOMoSogYknwhaF8FBi6IK2JCcmTgEDr4dMOkQFTwkidmb9we2dDc0:1v0aJ7:5_i1cbqvwXLL2BqHWcv5b3EPqJK-Fuz1SVlabjw018Q", "expire_date": "2025-10-06T06:45:53.055Z"}}, {"model": "taggit.tag", "fields": {"name": "DyingLight", "slug": "dyinglight"}}, {"model": "taggit.tag", "fields": {"name": "AlanWake2", "slug": "alanwake2"}}, {"model": "taggit.tag", "fields": {"name": "metal-gear-solid-master-collection-vol-1", "slug": "metal-gear-solid-master-collection-vol-1"}}, {"model": "taggit.tag", "fields": {"name": "phoenix-wright-ace-attorney-trilogy-hd", "slug": "phoenix-wright-ace-attorney-trilogy-hd"}}, {"model": "taggit.taggeditem", "fields": {"tag": ["DyingLight"], "content_type": ["blog", "post"], "object_id": 2}}, {"model": "taggit.taggeditem", "fields": {"tag": ["AlanWake2"], "content_type": ["blog", "post"], "object_id": 3}}, {"model": "taggit.taggeditem", "fields": {"tag": ["metal-gear-solid-master-collection-vol-1"], "content_type": ["blog", "post"], "object_id": 4}}, {"model": "taggit.taggeditem", "fields": {"tag": ["phoenix-wright-ace-attorney-trilogy-hd"], "content_type": ["blog", "post"], "object_id": 5}}, {"model": "blog.profile", "pk": 1, "fields": {"user": ["soul-"], "avatar": "", "bio": "", "name": null, "phone": null, "location": null, "interests": null}}, {"model": "blog.profile", "pk": 2, "fields": {"user": ["Litdemonick"], "avatar": "", "bio": "", "name": null, "phone": null, "location": null, "interests": null}}, {"model": "blog.profile", "pk": 3, "fields": {"user": ["Brashan09"], "avatar": "avatars/1351270_OX4ZDLt.png", "bio": "Soy gamer", "name": null, "phone": null, "location": null, "interests": null}}, {"model": "blog.profile", "pk": 4, "fields": {"user": ["carlosm5"], "avatar": "avatars/1326238.png", "bio": "", "name": null, "phone": null, "location": null, "interests": null}}, {"model": "blog.profile", "pk": 5, "fields": {"user": ["KingOfing"], "avatar": "avatars/1400584.png", "bio": "", "name": "Carlos Antonio Miranda", "phone": null, "location": "David, Panam치", "interests": "Programacion"}}, {"model": "blog.profile", "pk": 6, "fields": {"user": ["Jorge"], "avatar": "", "bio": "", "name": null, "phone": null, "location": null, "interests": null}}, {"model": "blog.profile", "pk": 7, "fields": {"user": ["James"], "avatar": "", "bio": "", "name": null, "phone": null, "location": null, "interests": null}}, {"model": "blog.profile", "pk": 8, "fields": {"user": ["Gustavo"], "avatar": "", "bio": "", "name": null, "phone": null, "location": null, "interests": null}}, {"model": "blog.profile", "pk": 9, "fields": {"user": ["Eliecias"], "avatar": "", "bio": "", "name": null, "phone": null, "location": null, "interests": null}}, {"model": "blog.profile", "pk": 10, "fields": {"user": ["UltraFotling"], "avatar": "", "bio": "", "name": null, "phone": null, "location": null, "interests": null}}, {"model": "blog.profile", "pk": 11, "fields": {"user": ["Harold"], "avatar": "", "bio": "", "name": null, "phone": null, "location": null, "interests": null}}, {"model": "blog.post", "pk": 2, "fields": {"title": "Al igual que Assassin's Creed Shadows, el nuevo Dying Light se ha visto obligado a ser censurado para lanzarse en un pa칤s en el que no vender치 mucho", "slug": "al-igual-que-assassins-creed-shadows-el-nuevo-dying-light-se-ha-visto-obligado-a-ser-censurado-para-lanzarse-en-un-pais-en-el-que-no-vendera-mucho", "author": ["Litdemonick"], "is_visible": true, "cover": "covers/1200_800.jpeg", "platform": "pc", "excerpt": "", "content": "Dying Light: The Beast llega al mercado japon칠s con menos gore y sin desnudos pese a tener clasificaci칩n CERO Z, la m치xima por el organismo de Jap칩n.\r\n\r\nEl pa칤s nip칩n sigue siendo uno de los mercados m치s estrictos con la representaci칩n expl칤cita de violencia, lo que ha resultado en censura y versiones ajustadas a las reglas locales que limitan varios de los elementos con los que el juego se hab칤a promocionado. No es nuevo, Jap칩n es uno de los pa칤ses que m치s regula la violencia en los videojuegos, ya ha pasado en el pasado con otros t칤tulos y, seg칰n Automaton, la edici칩n japonesa de Dying Light: The Beast se ha modificado para cumplir con el organismo de clasificaci칩n CERO.\r\n\r\nDe esta manera, Dying Light: The Beast en Jap칩n ha visto c칩mo se ha reducido la representaci칩n de las v칤sceras, suprimido desnudos y ajustado los modelos de algunas infectadas femeninas. Llama la atenci칩n que estas restricciones se aplican tanto en PlayStation 5 como en Steam, a pesar de que los juegos de PC no requieren una calificaci칩n de CERO para salir a la venta en el pa칤s, algo que podr칤a interpretarse con que Techland busca garantizar el cumplimiento general y evitar discrepancias entre plataformas.", "status": "published", "created": "2025-09-22T02:18:58.167Z", "updated": "2025-09-22T02:18:58.167Z"}}, {"model": "blog.post", "pk": 3, "fields": {"title": "Esta es la mejor oferta que ver치s hoy: Alan Wake 2, Control, Max Payne y varios juegos m치s est치n muy rebajados en un pack en Humble Bundle", "slug": "esta-es-la-mejor-oferta-que-veras-hoy-alan-wake-2-control-max-payne-y-varios-juegos-mas-estan-muy-rebajados-en-un-pack-en-humble-bundle", "author": ["Jorge"], "is_visible": true, "cover": "covers/AlanWake.jpeg", "platform": "xbox", "excerpt": "El \"Remedy Games 30th Anniversary Bundle\" re칰ne 9 juegos (y un descuento para FBC: Firebreak) en Humble Bundle por 27,87 euros", "content": "El 'Remedy Games 30th Anniversary Bundle' de Humble Bundle ofrece hasta nueve juegos de Remedy por 27'87 euros e incluye como t칤tulo estrella Alan Wake 2 Deluxe Edition (versi칩n que incluye los dos DLC), junto a Control Ultimate Edition y otros productos relacionados con sus franquicias. Ten en cuenta que la mayor칤a de los t칤tulos son para Steam, aunque dos de las claves se canjean en Epic Games Store. El valor de todos estos juegos es de 202,79 euros, lo que supone un ahorro de 174 euros.", "status": "published", "created": "2025-09-22T06:58:11.810Z", "updated": "2025-09-29T10:02:20.287Z"}}, {"model": "blog.post", "pk": 4, "fields": {"title": "Tras Metal Gear Solid 3, Konami ya se ha puesto manos a la obra para hacer m치s remakes de Metal Gear, pero necesita que le digas cual", "slug": "tras-metal-gear-solid-3-konami-ya-se-ha-puesto-manos-a-la-obra-para-hacer-mas-remakes-de-metal-gear-pero-necesita-que-le-digas-cual", "author": ["KingOfing"], "is_visible": true, "cover": "covers/1200_800_1.jpeg", "platform": "xbox", "excerpt": "Una encuesta de Konami sorprende a la comunidad para decidir el futuro de la saga despu칠s de MGS3 Delta Snake Eater, con gui침os a m치s remakes y a movimientos en la Master Collection Vol.2", "content": "La resurrecci칩n de la franquicia Metal Gear Solid ha sido la noticia m치s ilusionante para los fans de esta saga tan ic칩nica. Su legado permanece intacto como el primer d칤a y, ahora que el remake de Metal Gear Solid 3 est치 entre nosotros, hay muchos fans que ya est치n exigiendo a Konami respuestas sobre lo que viene a partir de ahora. Si eres uno de los muchos que le gustar칤a ver otro remake o el siguiente recopilatorio (Metal Gear Solid Master Collection Vol.2), hay buenas noticias.\r\n\r\n\r\n\r\n\r\nSeg칰n ha adelantado la cuenta Metal Gear Network, Konami ha distribuido una encuesta en v칤speras del Tokyo Game Show 2025 en la que pregunta directamente a los asistentes qu칠 juego de Metal Gear les gustar칤a ver como pr칩ximo remake tras MGS3 Snake Eater. Este cuestionario invita a posicionarse por futuras recreaciones dentro de la franquicia, gesto que ha sido interpretado de forma positiva ya que Konami podr칤a valorar iniciar la preproducci칩n del siguiente remake en los pr칩ximos meses.", "status": "published", "created": "2025-09-22T09:42:38.912Z", "updated": "2025-09-22T09:42:38.912Z"}}, {"model": "blog.post", "pk": 5, "fields": {"title": "Capcom y Sega le han dado una lecci칩n a Square Enix. Es intolerable que algunos juegos no lleguen traducidos al espa침ol", "slug": "capcom-y-sega-le-han-dado-una-leccion-a-square-enix-es-intolerable-que-algunos-juegos-no-lleguen-traducidos-al-espanol", "author": ["Jorge"], "is_visible": true, "cover": "covers/1200_800_1_pDZVq4D.jpeg", "platform": "pc", "excerpt": "Mientras que Sega revive y traduce los Yakuza cl치sicos, ahora Capcom anuncia la traducci칩n de una de sus sagas mientras Square Enix nos decepciona", "content": "<p>Hay ocasiones en las que las traducciones tardan en llegar a veces m&aacute;s por razones de mercado que por complejidad t&eacute;cnica. La localizaci&oacute;n de un videojuego no solo es positiva para los jugadores, sino que los estudios tienen m&aacute;s margen para vender m&aacute;s su t&iacute;tulo al abarcar m&aacute;s idiomas y territorios. Para muchos jugadores de Espa&ntilde;a y Latinoam&eacute;rica, las traducciones no oficiales han sido la opci&oacute;n ideal para disfrutar de algunos t&iacute;tulos de Capcom, Sega y Square Enix. Ace Attorney Trilogy estar&aacute; traducido Estos &uacute;ltimos d&iacute;as os hemos hablado de c&oacute;mo Sega est&aacute; trayendo de vuelta los juegos cl&aacute;sicos de Yakuza y, de paso, los est&aacute; traduciendo al espa&ntilde;ol para vender estos t&iacute;tulos en nuevos territorios. Lo har&aacute; con Yakuza 0 Director&#39;s Cut, Yakuza Kiwami 1, Yakuza Kiwami 2 y el reci&eacute;n anunciado Yakuza Kiwami 3. Adem&aacute;s, el estudio de esta franquicia confirm&oacute; que seguir&aacute;n lanzando remakes de estos cl&aacute;sicos, de modo que podemos esperar localizaci&oacute;n al espa&ntilde;ol. Ahora bien, durante el Tokyo Game Show 2025 Capcom anunci&oacute; que Phoenix Wright: Ace Attorney Trilogy recibir&aacute; una actualizaci&oacute;n gratuita que incluir&aacute; varias funciones y a&ntilde;adidos. El m&aacute;s importante es la inclusi&oacute;n del espa&ntilde;ol latinoamericano como idioma oficial al t&iacute;tulo. Esta es la primera vez que la saga Ace Attorney se podr&aacute; jugar en nuestro idioma, aunque tambi&eacute;n hay que destacar el gran trabajo que han hecho grupos de fans al traducir estos t&iacute;tulos de forma no oficial, tal y como se aprecia en Tradusquare.</p>", "status": "draft", "created": "2025-09-29T06:38:02.249Z", "updated": "2025-09-29T08:10:49.074Z"}}, {"model": "blog.comment", "pk": 1, "fields": {"post": 4, "author": ["Brashan09"], "text": "Reacci칩n autom치tica: wow", "status": "visible", "created": "2025-09-28T23:59:27.358Z", "is_reaction": true, "parent": null, "pinned": false}}, {"model": "blog.comment", "pk": 2, "fields": {"post": 4, "author": ["Brashan09"], "text": "Reacci칩n autom치tica: wow", "status": "visible", "created": "2025-09-29T00:31:25.033Z", "is_reaction": true, "parent": null, "pinned": false}}, {"model": "blog.comment", "pk": 3, "fields": {"post": 4, "author": ["Brashan09"], "text": "Reacci칩n autom치tica: wow", "status": "visible", "created": "2025-09-29T00:56:40.851Z", "is_reaction": true, "parent": null, "pinned": false}}, {"model": "blog.comment", "pk": 4, "fields": {"post": 4, "author": ["Brashan09"], "text": "Reacci칩n autom치tica: 游녨", "status": "visible", "created": "2025-09-29T01:01:09.922Z", "is_reaction": true, "parent": null, "pinned": false}}, {"model": "blog.commentvote", "pk": 2, "fields": {"comment": 2, "user": ["Brashan09"], "value": 1}}, {"model": "blog.commentvote", "pk": 4, "fields": {"comment": 4, "user": ["Brashan09"], "value": -1}}, {"model": "blog.review", "pk": 6, "fields": {"post": 3, "user": ["James"], "parent": null, "rating": 5, "comment": "Excelente precio, juego muy esperado desde mi punto de vista, 10/10.", "status": "hidden", "created": "2025-09-22T07:00:24.671Z", "pinned": false}}, {"model": "blog.review", "pk": 7, "fields": {"post": 3, "user": ["Gustavo"], "parent": null, "rating": 5, "comment": "Precio accesible, buen juego, 10/10", "status": "blocked", "created": "2025-09-22T07:03:53.530Z", "pinned": false}}, {"model": "blog.review", "pk": 15, "fields": {"post": 4, "user": ["Litdemonick"], "parent": null, "rating": 4, "comment": "Muy buen juego.", "status": "visible", "created": "2025-09-27T02:23:01.166Z", "pinned": false}}, {"model": "blog.review", "pk": 16, "fields": {"post": 4, "user": ["carlosm5"], "parent": 15, "rating": null, "comment": "HOla", "status": "visible", "created": "2025-09-27T02:33:42.311Z", "pinned": false}}, {"model": "blog.review", "pk": 17, "fields": {"post": 4, "user": ["carlosm5"], "parent": null, "rating": 5, "comment": "Hola", "status": "visible", "created": "2025-09-27T02:50:03.886Z", "pinned": false}}, {"model": "blog.review", "pk": 18, "fields": {"post": 4, "user": ["Litdemonick"], "parent": 17, "rating": null, "comment": "Hola", "status": "visible", "created": "2025-09-27T02:51:31.618Z", "pinned": false}}, {"model": "blog.review", "pk": 19, "fields": {"post": 4, "user": ["Brashan09"], "parent": null, "rating": 4, "comment": "a", "status": "visible", "created": "2025-09-28T21:09:24.335Z", "pinned": false}}, {"model": "blog.review", "pk": 20, "fields": {"post": 4, "user": ["Brashan09"], "parent": null, "rating": 3, "comment": "asd", "status": "visible", "created": "2025-09-28T22:43:22.047Z", "pinned": false}}, {"model": "blog.reviewvote", "pk": 8, "fields": {"review": 17, "user": ["Eliecias"], "vote": "like"}}, {"model": "blog.reviewvote", "pk": 9, "fields": {"review": 17, "user": ["Brashan09"], "vote": "dislike"}}, {"model": "blog.reviewvote", "pk": 10, "fields": {"review": 15, "user": ["Brashan09"], "vote": "like"}}, {"model": "blog.reviewvote", "pk": 11, "fields": {"review": 16, "user": ["Brashan09"], "vote": "dislike"}}, {"model": "blog.reviewvote", "pk": 13, "fields": {"review": 20, "user": ["Brashan09"], "vote": "like"}}, {"model": "blog.reviewvote", "pk": 14, "fields": {"review": 20, "user": ["Harold"], "vote": "like"}}, {"model": "blog.postblock", "pk": 2, "fields": {"post": 2, "user": ["KingOfing"], "created": "2025-09-22T06:45:09.184Z"}}, {"model": "blog.postblock", "pk": 3, "fields": {"post": 3, "user": ["James"], "created": "2025-09-22T07:02:38.187Z"}}, {"model": "blog.postblock", "pk": 4, "fields": {"post": 3, "user": ["Gustavo"], "created": "2025-09-22T07:04:12.780Z"}}, {"model": "blog.postblock", "pk": 5, "fields": {"post": 2, "user": ["Jorge"], "created": "2025-09-22T07:24:35.937Z"}}, {"model": "blog.notification", "pk": 1, "fields": {"user": ["Litdemonick"], "actor": ["carlosm5"], "verb": "respondi칩 a tu rese침a", "target_post": 4, "target_review": null, "target_comment": null, "created_at": "2025-09-27T02:11:36.141Z", "is_read": true}}, {"model": "blog.notification", "pk": 2, "fields": {"user": ["Litdemonick"], "actor": ["carlosm5"], "verb": "respondi칩 a tu rese침a", "target_post": 4, "target_review": null, "target_comment": null, "created_at": "2025-09-27T02:33:42.324Z", "is_read": true}}, {"model": "blog.notification", "pk": 3, "fields": {"user": ["carlosm5"], "actor": ["Litdemonick"], "verb": "respondi칩 a tu rese침a", "target_post": 4, "target_review": null, "target_comment": null, "created_at": "2025-09-27T02:51:31.628Z", "is_read": false}}, {"model": "blog.notification", "pk": 4, "fields": {"user": ["KingOfing"], "actor": ["Brashan09"], "verb": "dej칩 una rese침a en tu publicaci칩n", "target_post": 4, "target_review": 19, "target_comment": null, "created_at": "2025-09-28T21:09:24.352Z", "is_read": false}}, {"model": "blog.notification", "pk": 5, "fields": {"user": ["KingOfing"], "actor": ["Brashan09"], "verb": "dej칩 una rese침a en tu publicaci칩n", "target_post": 4, "target_review": 20, "target_comment": null, "created_at": "2025-09-28T22:43:22.063Z", "is_read": false}}, {"model": "blog.reaction", "pk": 1, "fields": {"post": 4, "user": ["Brashan09"], "type": "like", "rating": null, "opinion": null, "created_at": "2025-09-28T21:46:00.658Z"}}, {"model": "admin.logentry", "pk": 1, "fields": {"action_time": "2025-09-22T07:07:37.196Z", "user": ["soul-"], "content_type": ["taggit", "tag"], "object_id": "3", "object_repr": "#Alan", "action_flag": 3, "change_message": ""}}, {"model": "admin.logentry", "pk": 2, "fields": {"action_time": "2025-09-22T07:07:37.196Z", "user": ["soul-"], "content_type": ["taggit", "tag"], "object_id": "5", "object_repr": "<Tag: Wake 2>]", "action_flag": 3, "change_message": ""}}, {"model": "admin.logentry", "pk": 3, "fields": {"action_time": "2025-09-22T07:07:37.196Z", "user": ["soul-"], "content_type": ["taggit", "tag"], "object_id": "4", "object_repr": "Wake", "action_flag": 3, "change_message": ""}}, {"model": "admin.logentry", "pk": 4, "fields": {"action_time": "2025-09-22T07:07:37.196Z", "user": ["soul-"], "content_type": ["taggit", "tag"], "object_id": "6", "object_repr": "[<Tag: #Alan>", "action_flag": 3, "change_message": ""}}, {"model": "admin.logentry", "pk": 5, "fields": {"action_time": "2025-09-29T07:00:45.932Z", "user": ["soul-"], "content_type": ["taggit", "tag"], "object_id": "10", "object_repr": "[<Tag:", "action_flag": 3, "change_message": ""}}, {"model": "admin.logentry", "pk": 6, "fields": {"action_time": "2025-09-29T07:00:45.944Z", "user": ["soul-"], "content_type": ["taggit", "tag"], "object_id": "11", "object_repr": "phoenix-wright-ace-attorney-trilogy-hd>]", "action_flag": 3, "change_message": ""}}, {"model": "admin.logentry", "pk": 7, "fields": {"action_time": "2025-09-29T07:12:24.064Z", "user": ["soul-"], "content_type": ["taggit", "tag"], "object_id": "13", "object_repr": "[<Tag:", "action_flag": 3, "change_message": ""}}, {"model": "admin.logentry", "pk": 8, "fields": {"action_time": "2025-09-29T07:12:24.089Z", "user": ["soul-"], "content_type": ["taggit", "tag"], "object_id": "12", "object_repr": "[]", "action_flag": 3, "change_message": ""}}, {"model": "admin.logentry", "pk": 9, "fields": {"action_time": "2025-09-29T07:12:24.099Z", "user": ["soul-"], "content_type": ["taggit", "tag"], "object_id": "14", "object_repr": "[]>]", "action_flag": 3, "change_message": ""}}, {"model": "admin.logentry", "pk": 10, "fields": {"action_time": "2025-09-29T07:34:02.118Z", "user": ["soul-"], "content_type": ["blog", "post"], "object_id": "5", "object_repr": "Capcom y Sega le han dado una lecci칩n a Square Enix. Es intolerable que algunos juegos no lleguen traducidos al espa침ol", "action_flag": 2, "change_message": "[{\"changed\": {\"fields\": [\"Content\", \"Status\"]}}]"}}, {"model": "admin.logentry", "pk": 11, "fields": {"action_time": "2025-09-29T09:30:05.284Z", "user": ["soul-"], "content_type": ["blog", "post"], "object_id": "1", "object_repr": "Nuevo The Legend of Zelda en camino???", "action_flag": 3, "change_message": ""}}, {"model": "admin.logentry", "pk": 12, "fields": {"action_time": "2025-09-29T09:30:40.483Z", "user": ["soul-"], "content_type": ["taggit", "tag"], "object_id": "21", "object_repr": "5yj78k78", "action_flag": 3, "change_message": ""}}, {"model": "admin.logentry", "pk": 13, "fields": {"action_time": "2025-09-29T09:30:40.506Z", "user": ["soul-"], "content_type": ["taggit", "tag"], "object_id": "20", "object_repr": "9po78h5", "action_flag": 3, "change_message": ""}}, {"model": "admin.logentry", "pk": 14, "fields": {"action_time": "2025-09-29T09:30:40.516Z", "user": ["soul-"], "content_type": ["taggit", "tag"], "object_id": "22", "object_repr": "ji7ukasdc", "action_flag": 3, "change_message": ""}}, {"model": "admin.logentry", "pk": 15, "fields": {"action_time": "2025-09-29T09:30:40.525Z", "user": ["soul-"], "content_type": ["taggit", "tag"], "object_id": "16", "object_repr": "rfrf", "action_flag": 3, "change_message": ""}}, {"model": "admin.logentry", "pk": 16, "fields": {"action_time": "2025-09-29T09:30:40.534Z", "user": ["soul-"], "content_type": ["taggit", "tag"], "object_id": "18", "object_repr": "rgtyujuik", "action_flag": 3, "change_message": ""}}, {"model": "admin.logentry", "pk": 17, "fields": {"action_time": "2025-09-29T09:30:40.544Z", "user": ["soul-"], "content_type": ["taggit", "tag"], "object_id": "17", "object_repr": "uyj8iuk", "action_flag": 3, "change_message": ""}}, {"model": "admin.logentry", "pk": 18, "fields": {"action_time": "2025-09-29T09:30:40.554Z", "user": ["soul-"], "content_type": ["taggit", "tag"], "object_id": "15", "object_repr": "wdwd", "action_flag": 3, "change_message": ""}}, {"model": "admin.logentry", "pk": 19, "fields": {"action_time": "2025-09-29T09:30:40.565Z", "user": ["soul-"], "content_type": ["taggit", "tag"], "object_id": "19", "object_repr": "ytyujkuik", "action_flag": 3, "change_message": ""}}, {"model": "admin.logentry", "pk": 20, "fields": {"action_time": "2025-09-29T09:30:40.575Z", "user": ["soul-"], "content_type": ["taggit", "tag"], "object_id": "1", "object_repr": "zelda", "action_flag": 3, "change_message": ""}}]